{   
    "2": {
        "sha": {
            "bins": {
                "fine": [[0, 0], [1, 1], [2, "inf"]]
            },
            "anchor_points": {
                "fine": {
                    "middle": [0, 1, 2],
                    "average": [0, 1, 2.24479]
                }
            }
        },
        "shb": {
            "bins": {
                "fine": [[0, 0], [1, 1], [2, "inf"]]
            },
            "anchor_points": {
                "fine": {
                    "middle": [0, 1, 2],
                    "average": [0, 1, 2.15171]
                }
            }
        },
        "nwpu": {
            "bins": {
                "fine": [[0, 0], [1, 1], [2, "inf"]]
            },
            "anchor_points": {
                "fine": {
                    "middle": [0, 1, 2],
                    "average": [0, 1, 2.10737]
                }
            }
        },
        "qnrf": {
            "bins": {
                "fine": [[0, 0], [1, 1], [2, "inf"]]
            },
            "anchor_points": {
                "fine": {
                    "middle": [0, 1, 2],
                    "average": [0, 1, 2.09296]
                }
            }
        },
        "jhu": {
            "bins": {
                "fine": [[0, 0], [1, 1], [2, "inf"]]
            },
            "anchor_points": {
                "fine": {
                    "middle": [0, 1, 2],
                    "average": [0, 1, 2.18589]
                }
            }
        }
    },
    "4": {
        "sha": {
            "bins": {
                "fine": [[0, 0], [1, 1], [2, 2], [3, 3], [4, "inf"]]
            },
            "anchor_points": {
                "fine": {
                    "middle": [0, 1, 2, 3, 4],
                    "average": [0, 1, 2, 3, 4.29992]
                }
            }
        },
        "shb": {
            "bins": {
                "fine": [[0, 0], [1, 1], [2, 2], [3, 3], [4, "inf"]]
            },
            "anchor_points": {
                "fine": {
                    "middle": [0, 1, 2, 3, 4],
                    "average": [0, 1, 2, 3, 4.41009]
                }
            }
        },
        "nwpu": {
            "bins": {
                "fine": [[0, 0], [1, 1], [2, 2], [3, 3], [4, "inf"]]
            },
            "anchor_points": {
                "fine": {
                    "middle": [0, 1, 2, 3, 4],
                    "average": [0, 1, 2, 3, 4.21931]
                }
            }
        },
        "qnrf": {
            "bins": {
                "fine": [[0, 0], [1, 1], [2, 2], [3, 3], [4, "inf"]]
            },
            "anchor_points": {
                "fine": {
                    "middle": [0, 1, 2, 3, 4],
                    "average": [0, 1, 2, 3, 4.21937]
                }
            }
        },
        "jhu": {
            "bins": {
                "fine": [[0, 0], [1, 1], [2, 2], [3, 3], [4, "inf"]]
            },
            "anchor_points": {
                "fine": {
                    "middle": [0, 1, 2, 3, 4],
                    "average": [0, 1, 2, 3, 4.24058]
                }
            }
        }
    },
    "11": {
        "qnrf": {
            "bins": {
                "fine": [[0, 0], [1, 1], [2, 2], [3, 3], [4, 4], [5, 5], [6, 6], [7, 7], [8, 8], [9, 9], [10, 10], [11, "inf"]]
            },
            "anchor_points": {
                "fine": {
                    "middle": [0, 1, 2, 3, 4, 5, 6, 7, 8, 9, 10, 11],
                    "average": [0, 1, 2, 3, 4, 5, 6, 7, 8, 9, 10, 11]
                }
            }
        }
    }
}